{"UnsupervisedType":0,"KMeansWrap":{"KClusters":3,"Clusters":[[0,6,7,9,13,18,20,24,25,26,28,31,35,38,41,52,63,65,66,80,86,89,90,91,93,97,105,115,118,125,135,143,144,146,147,148,149,158,161,165,179,183,185,187,192,196,199,200,205,206,207,213,218,219,232,242,243,244,247,248,250,256,264,268,270,271,272,274,281,282,287,288,291,294,296,304,308,309,313,318,319,321,322,323,326,330,334,335,342,345,349,356,358,359,360,361,362,363,364,366,367,368,375,376,381,382,385,390,397,402,403,409,412,417,418,419,421,423,430,432,442,445,447,454,455,456,457,459,465,466,467,470,472,473,476,478,479,480,482,483,485,487,488,491,494,495,496,499],[1,3,4,5,10,11,12,14,16,17,19,21,22,23,27,29,30,32,33,34,36,37,40,42,43,44,47,48,49,50,51,53,55,56,57,58,59,62,67,68,70,72,75,76,78,82,83,84,85,92,94,95,96,99,101,103,104,106,107,108,109,110,111,112,113,114,116,119,120,121,122,124,127,128,129,130,131,133,134,136,137,138,139,141,142,145,150,151,152,153,155,159,160,162,164,166,167,168,169,172,173,175,176,177,178,180,181,182,184,186,188,189,191,193,194,195,197,201,202,203,204,209,210,211,212,214,216,217,220,221,222,223,224,225,226,231,233,234,236,237,240,241,245,252,253,254,255,257,258,259,260,261,262,263,265,269,273,275,276,278,279,280,283,284,285,286,290,292,293,298,299,300,301,302,305,306,307,310,311,312,314,315,316,317,320,325,327,328,333,336,341,343,344,346,347,348,350,352,353,354,355,357,365,369,370,371,372,373,374,377,378,379,380,384,386,387,388,389,392,395,396,399,401,404,407,408,410,411,413,414,415,416,420,424,425,427,428,429,431,433,434,435,437,438,439,440,441,443,444,448,449,450,452,453,460,461,462,463,464,468,469,471,474,475,477,481,484,486,489,490,492,493,497],[2,8,15,39,45,46,54,60,61,64,69,71,73,74,77,79,81,87,88,98,100,102,117,123,126,132,140,154,156,157,163,170,171,174,190,198,208,215,227,228,229,230,235,238,239,246,249,251,266,267,277,289,295,297,303,324,329,331,332,337,338,339,340,351,383,391,393,394,398,400,405,406,422,426,436,446,451,458,498]],"Centroids":[{"ElementsOneD":[-2.038379,-9.055515],"ElementsTwoD":null,"ElementsThreeD":null,"_shape":{"Height":2,"Width":0,"Depth":0},"Shape":{"Height":2,"Width":0,"Depth":0}},{"ElementsOneD":[3.4352818,-3.9238048],"ElementsTwoD":null,"ElementsThreeD":null,"_shape":{"Height":2,"Width":0,"Depth":0},"Shape":{"Height":2,"Width":0,"Depth":0}},{"ElementsOneD":[-1.3966913,-5.343646],"ElementsTwoD":null,"ElementsThreeD":null,"_shape":{"Height":2,"Width":0,"Depth":0},"Shape":{"Height":2,"Width":0,"Depth":0}}]}}